id	title	description	link	image_link	additional_image_link	availability	price	sale_price	brand	condition	identifier_exists	mpn	product_type	shipping
1715695405	مفتاح أوفيس 2019 برو بلس Office 2019 Pro Plus - مدى الحياة	مفتاح تنشيط اوفيس أصلي لبرنامج Microsoft Office 2019 Professional Plus (نسخة Retail) لجهاز كمبيوتر واحد، بدفعة واحدة وبدون اشتراكات، مع تسليم فوري من اوشن قيمز. ملاحظة مهمة • المفتاح يعمل على نسخة Retail فقط؛ إذا كانت لديك نسخة أوفيس بنظام (MAK) أو (LTSC)، احذفها أولاً وثبّت النسخة من الرابط الرسمي بالأسفل. • التفعيل يتم عبر «التفعيل بالهاتف» (بدون أي مكالمة) باتباع الشرح بالأسفل خطوة بخطوة — لا تتخطى أي خطوة. • هذا المنتج مفتاح رقمي فقط، ولن يتم شحن أي منتج مادي. طريقة التسليم تسليم فوري وتلقائي — بعد الدفع مباشرة يظهر لك مفتاح التنشيط (الكود). المميزات • مفتاح تنشيط أصلي لمايكروسوفت أوفيس 2019 بروفيشينال بلس (Retail). • يشمل: Word وExcel وPowerPoint وOutlook وAccess وPublisher وOneNote. • تفعيل لمرة واحدة ولجهاز كمبيوتر واحد (Windows). • دفعة واحدة فقط، بدون أي اشتراكات أو رسوم متكررة. ماذا تستلم؟ • مفتاح تنشيط من 25 رمزاً (XXXXX-XXXXX-XXXXX-XXXXX-XXXXX). • رابط التحميل الرسمي من مايكروسوفت وشرح التفعيل (في هذه الصفحة). 1⃣ تجهيز الجهاز • إذا كان عندك أي نسخة أوفيس قديمة (تجريبية، منتهية، مكركة، أو نسخة MAK/LTSC)، احذفها من «لوحة التحكم ← البرامج والميزات» ثم أعد تشغيل الجهاز. • إذا بقيت تراخيص قديمة بعد الحذف، تواصل معنا ونساعدك في إزالتها قبل التفعيل. 2⃣ التحميل والتثبيت • حمّل ملف التثبيت الرسمي من سيرفرات مايكروسوفت: ProPlus2019Retail.img • اضغط على الملف (.img) ضغطتين ليفتح كقرص افتراضي، ثم شغّل Setup.exe بضغطتين عادية (بدون «تشغيل كمسؤول»). • انتظر حتى يكتمل التثبيت وأنت متصل بالإنترنت. 3⃣ إدخال المفتاح • افتح Word ← ملف (File) ← حساب (Account) ← تنشيط المنتج (Activate Product)، وأدخل مفتاح التنشيط. 4⃣ التفعيل عبر الهاتف (بدون مكالمة) • في نافذة التنشيط اختر: I want to activate the software by telephone. • اختر الدولة، وسيظهر لك «معرف التثبيت» (Installation ID) على شكل مجموعات أرقام — انسخه كاملاً. • افتح بوابة تنشيط منتجات مايكروسوفت الرسمية والمجانية: visualsupport.microsoft.com وأدخل معرف التثبيت لتحصل على «معرف التأكيد» (Confirmation ID). • ارجع لنافذة التنشيط وأدخل معرف التأكيد في الخانات من A إلى H، ثم اضغط Next — مبروك، تم التفعيل   ما عرفت تستخرج معرف التأكيد؟ أرسل لنا صورة «معرف التثبيت» على الواتساب ونستخرجه لك. الضمان والشروط • نضمن لك نجاح التفعيل (تفعيل واحد لكل مفتاح). • المفتاح لتفعيل واحد فقط، ويجب اتباع خطوات الشرح كاملة.	https://oceangames.shop/ar/office-2019-pro-plus-key/p1715695405	https://cdn.jsdelivr.net/gh/TiTansStore/oceangames-assets@23b9803/products/office2019.png	https://cdn.salla.sa/onYqRY/de589878-4558-444e-831f-3284d062fdb9-1000x1000-8DIHaVAYFso73DQoeZdbRkgf28FdiSfSFhKfsWpo.png	in_stock	95.00 SAR	9.99 SAR	Microsoft	new	no	OG-OFFICE-2019	الاشتراكات > إشتراكات مايكروسوفت	SA:::0.00 SAR,AE:::0.00 SAR,KW:::0.00 SAR,OM:::0.00 SAR,JO:::0.00 SAR
557876774	مفتاح أوفيس 2021 برو بلس Office 2021 Pro Plus - مدى الحياة	مفتاح تنشيط اوفيس أصلي لبرنامج Microsoft Office 2021 Professional Plus لجهاز كمبيوتر واحد، بدفعة واحدة وبدون اشتراكات، مع تسليم فوري من اوشن قيمز. ملاحظة مهمة • التفعيل يتم عبر «التفعيل بالهاتف» (بدون أي مكالمة) باتباع الشرح بالأسفل خطوة بخطوة — لا تتخطى أي خطوة. • هذا المنتج مفتاح رقمي فقط، ولن يتم شحن أي منتج مادي. طريقة التسليم تسليم فوري وتلقائي — بعد الدفع مباشرة يظهر لك مفتاح التنشيط (الكود). المميزات • مفتاح تنشيط أصلي لمايكروسوفت أوفيس 2021 بروفيشينال بلس (Retail). • يشمل: Word وExcel وPowerPoint وOutlook وAccess وPublisher وOneNote. • تفعيل لمرة واحدة ولجهاز كمبيوتر واحد (Windows). • دفعة واحدة فقط، بدون أي اشتراكات أو رسوم متكررة. ماذا تستلم؟ • مفتاح تنشيط من 25 رمزاً (XXXXX-XXXXX-XXXXX-XXXXX-XXXXX). • رابط التحميل الرسمي من مايكروسوفت وشرح التفعيل (في هذه الصفحة). 1⃣ تجهيز الجهاز • إذا كان عندك أي نسخة أوفيس قديمة (تجريبية، منتهية، مكركة، أو نسخة MAK/LTSC)، احذفها من «لوحة التحكم ← البرامج والميزات» ثم أعد تشغيل الجهاز. • إذا بقيت تراخيص قديمة بعد الحذف، تواصل معنا ونساعدك في إزالتها قبل التفعيل. 2⃣ التحميل والتثبيت • حمّل ملف التثبيت الرسمي من سيرفرات مايكروسوفت: ProPlus2021Retail.img • اضغط على الملف (.img) ضغطتين ليفتح كقرص افتراضي، ثم شغّل Setup.exe بضغطتين عادية (بدون «تشغيل كمسؤول»). • انتظر حتى يكتمل التثبيت وأنت متصل بالإنترنت. 3⃣ إدخال المفتاح • افتح Word ← ملف (File) ← حساب (Account) ← تنشيط المنتج (Activate Product)، وأدخل مفتاح التنشيط. 4⃣ التفعيل عبر الهاتف (بدون مكالمة) • في نافذة التنشيط اختر: I want to activate the software by telephone. • اختر الدولة، وسيظهر لك «معرف التثبيت» (Installation ID) على شكل مجموعات أرقام — انسخه كاملاً. • افتح بوابة تنشيط منتجات مايكروسوفت الرسمية والمجانية: visualsupport.microsoft.com وأدخل معرف التثبيت لتحصل على «معرف التأكيد» (Confirmation ID). • ارجع لنافذة التنشيط وأدخل معرف التأكيد في الخانات من A إلى H، ثم اضغط Next — مبروك، تم التفعيل   ما عرفت تستخرج معرف التأكيد؟ أرسل لنا صورة «معرف التثبيت» على الواتساب ونستخرجه لك. الضمان والشروط • ضمان مدى الحياة على مفتاح التنشيط. • المفتاح لتفعيل واحد فقط، ويجب اتباع خطوات الشرح كاملة.	https://oceangames.shop/ar/office-2021-pro-plus-key/p557876774	https://cdn.jsdelivr.net/gh/TiTansStore/oceangames-assets@23b9803/products/office2021.png	https://cdn.salla.sa/onYqRY/80031ee0-3cf6-4a9d-9fe2-62ddc1c7da75-1000x1000-d8KP3ehN7NjsUTqyCpmYkqsjGbYeEMFDXLk8fOxh.png	in_stock	526.00 SAR	9.99 SAR	Microsoft	new	no	OG-OFFICE-2021	إشتراكات مايكروسوفت	SA:::0.00 SAR,AE:::0.00 SAR,KW:::0.00 SAR,OM:::0.00 SAR,JO:::0.00 SAR
684950880	اشتراك كرانشي رول Crunchyroll - شهر (حساب مشترك)	اشتراك كرانشي رول (Crunchyroll) باقة Mega Fan لمشاهدة الانمي المترجم والمدبلج لمدة شهر على حساب مشترك بملف شخصي مخصص لك، مع تسليم فوري من اوشن قيمز. ملاحظة مهمة • هذا حساب مشترك وليس حساباً خاصاً؛ تحصل على ملف شخصي (Profile) مخصص لك بقائمة مشاهدة وسجل خاصين بك. • يُمنع تغيير الإيميل أو كلمة المرور أو بيانات الملف الشخصي أو إعدادات الحساب. • يُمنع تفعيل التحقق بخطوتين (2FA). • يُمنع تعديل الملفات الشخصية الموجودة أو حذفها إلا بتوجيه منا، واستخدم الملف الشخصي المخصص لك فقط. • صلاحية الوصول للحساب 30 يوماً من تاريخ التسليم. • أي إساءة استخدام أو مخالفة لهذه الشروط قد تُلغي الضمان. طريقة التسليم تسليم فوري وتلقائي — بعد الدفع مباشرة تظهر لك بيانات الحساب مع رقم الملف الشخصي المخصص لك. المميزات • اشتراك لمدة شهر كامل بباقة Mega Fan. • حساب مشترك بملف شخصي مخصص لك. • مشاهدة بدون إعلانات وبجودة عالية (Full HD 1080p). • وصول إلى آلاف حلقات وأفلام الأنمي (مترجمة ومدبلجة). • حلقات جديدة بعد ساعة واحدة فقط من عرضها في اليابان. • تحميل الحلقات للمشاهدة بدون إنترنت (Offline) على الجوال. • يعمل مباشرة بدون الحاجة إلى VPN. • المشاهدة على الأجهزة المدعومة: متصفح الويب، الجوالات والأجهزة اللوحية، الشاشات الذكية وFire Stick، وأجهزة بلايستيشن وإكس بوكس. • تسليم سريع. • شهر إضافي مجاناً: بعد استلام الحساب اترك تقييمك للمنتج في المتجر ثم تواصل معنا. ماذا تستلم؟ • إيميل الحساب وكلمة المرور. • رقم الملف الشخصي (Profile) المخصص لك. الضمان • يغطي الضمان مشاكل تسجيل الدخول أو الوصول إلى الحساب خلال فترة الضمان المحددة. • يتم توفير حساب بديل إذا تم التحقق من المشكلة وكانت ضمن شروط الضمان.	https://oceangames.shop/ar/crunchyroll-1-month-shared/p684950880	https://cdn.jsdelivr.net/gh/TiTansStore/oceangames-assets@23b9803/products/cr-shared-1m.png	https://cdn.salla.sa/onYqRY/9d9d0eca-6c25-4273-a1c2-1cdca4aa4109-1000x1000-GFIc0inOeT8OmLlO6mmWl2Uf2kpJiiQO9d0OPTG3.png	in_stock	24.00 SAR	7.99 SAR	Crunchyroll	new	no	OG-CR-SHARED-1M	حسابات كرنشي رول	SA:::0.00 SAR,AE:::0.00 SAR,KW:::0.00 SAR,OM:::0.00 SAR,JO:::0.00 SAR
258386580	اشتراك كرانشي رول Crunchyroll - شهر (حساب خاص)	اشتراك كرانشي رول (Crunchyroll) باقة Mega Fan لمشاهدة الانمي المترجم والمدبلج لمدة شهر على حساب خاص بك، مع تسليم فوري من اوشن قيمز. ملاحظة مهمة • هذا الحساب خاص بك (ليس مشتركاً) طوال مدة الاشتراك، وتستفيد من جميع الملفات الشخصية ومميزات الباقة. • يُمنع تغيير بيانات الحساب (مثل الإيميل أو كلمة المرور) إلا بإذن مسبق منا. • في حال واجهتك أي مشكلة، تواصل مع الدعم الفني قبل ترك أي تقييم سلبي. طريقة التسليم تسليم فوري وتلقائي — بعد الدفع مباشرة تظهر لك بيانات الحساب. المميزات • وصول كامل لمكتبة الأنمي في كرانشي رول (مترجمة ومدبلجة). • مشاهدة بجودة عالية HD (حتى Full HD 1080p). • بدون إعلانات (Premium). • إنشاء ملفات شخصية لك ولعائلتك أو أصدقائك. • المشاهدة على 4 أجهزة مختلفة في نفس الوقت. • حلقات جديدة بعد ساعة واحدة فقط من عرضها في اليابان. • تحميل الحلقات للمشاهدة بدون إنترنت (Offline) على الجوال. • يعمل مباشرة بدون الحاجة إلى VPN. • يعمل على: متصفح الويب، الجوالات والأجهزة اللوحية، الشاشات الذكية وFire Stick، وأجهزة بلايستيشن وإكس بوكس. • شهر إضافي مجاناً: بعد استلام الحساب اترك تقييمك للمنتج في المتجر ثم تواصل معنا. ماذا تستلم؟ • حساب كرانشي رول بصلاحية Premium. • بيانات تسجيل الدخول (الإيميل وكلمة المرور). • تسليم فوري بعد الدفع. • الضمان حسب شروط المنتج. الضمان والشروط • الضمان حسب شروط المنتج طوال مدة الاشتراك (شهر)؛ في حال واجهتك أي مشكلة نساعدك أو نستبدل الحساب. • يُمنع تغيير بيانات الحساب إلا بإذن مسبق منا.	https://oceangames.shop/ar/crunchyroll-1-month-private/p258386580	https://cdn.jsdelivr.net/gh/TiTansStore/oceangames-assets@23b9803/products/cr-private-1m.png	https://cdn.salla.sa/onYqRY/d15f009c-9bcf-4cee-abcf-8c9d96f47558-1000x1000-HMLFKqcXdhjVWtC3W5j63isro1D2cOsRAEtJ3S4d.png	in_stock	24.00 SAR	14.99 SAR	Crunchyroll	new	no	OG-CR-PRIVATE-1M	حسابات كرنشي رول	SA:::0.00 SAR,AE:::0.00 SAR,KW:::0.00 SAR,OM:::0.00 SAR,JO:::0.00 SAR
111606232	فيفا 27 EA Sports FC 27 - حساب ستيم PC	لعبة EA Sports FC 27 (فيفا 27) الإصدار العادي كاملة على حساب ستيم (Steam) جديد خاص بك للكمبيوتر، لعبة أصلية 100% بتسليم فوري من اوشن قيمز — متجر العاب الكمبيوتر وحسابات ستيم. ملاحظة مهمة • اللعبة تعمل على الكمبيوتر (PC) عبر منصة ستيم فقط، ولا تعمل على بلايستيشن أو إكس بوكس. • ريجون الحساب صيني، وهذا لا يؤثر إطلاقاً على ريجون اللعبة أو سيرفراتها أو اللعب أونلاين. • اقرأ شروط الحساب الصيني بالأسفل قبل الشراء، فهي شرط أساسي للضمان. طريقة التسليم تسليم فوري وتلقائي — بعد الدفع مباشرة تظهر لك بيانات الحساب كاملة في صفحة الطلب وعلى إيميلك. المميزات • حساب ستيم جديد كلياً وخاص بك وحدك. • اللعبة أصلية بالكامل وليست مكركة، وتلعب أونلاين بشكل طبيعي. • يمكنك ربطه بحساب EA الخاص بك (بشرط ألا يكون حساب EA مربوطاً مسبقاً بحساب ستيم آخر). • الحساب دائم معك ويحق لك تغيير جميع بياناته. ماذا تستلم؟ • اسم المستخدم وكلمة المرور لحساب ستيم. • إيميل الحساب (Outlook / Hotmail) وكلمة مروره — تسجّل الدخول له من outlook.live.com. المرحلة الأولى — الدخول لإيميل Outlook: • افتح https://outlook.live.com/ واضغط «تسجيل الدخول» (Sign in). • أدخل إيميل الحساب وكلمة مرور الإيميل المرفقة في طلبك. • إذا طلب Outlook تأكيد الحساب، اختر «تخطي» (Skip) أو أضف رقمك الشخصي كوسيلة استرداد. • اترك صفحة Outlook مفتوحة، لأن ستيم سيرسل لها رموز التحقق في الخطوات التالية. المرحلة الثانية — الدخول لستيم: • افتح ستيم (البرنامج أو الموقع) وسجّل الدخول باسم المستخدم وكلمة المرور المرفقة. • إذا طلب ستيم رمز تحقق (Steam Guard Code)، ارجع لصفحة Outlook وانسخ الرمز من رسالة ستيم (تحقق من مجلد Junk إذا لم تظهر). المرحلة الثالثة — تغيير الإيميل إلى إيميلك الشخصي: • من ستيم: اضغط على اسم الحساب أعلى اليمين ← «تفاصيل الحساب» (Account details). • اختر «تغيير عنوان البريد الإلكتروني» (Change email address). • سيرسل ستيم رمز تأكيد إلى إيميل Outlook — انسخه وأدخله. • اكتب إيميلك الشخصي الجديد، ثم افتح إيميلك وأكّد الرمز الذي سيصلك من ستيم. المرحلة الرابعة — تغيير كلمة المرور: • من نفس صفحة «تفاصيل الحساب» اختر «تغيير كلمة المرور» (Change password). • أكّد الرمز الذي يصل إلى إيميلك الجديد، ثم ضع كلمة مرور قوية خاصة بك. المرحلة الخامسة — تفعيل الحماية (Steam Guard): • حمّل تطبيق Steam على جوالك وسجّل الدخول بالحساب. • من التطبيق: القائمة ← «Steam Guard» ← فعّل «المصادقة عبر التطبيق» (Mobile Authenticator). • احفظ رمز الاسترداد (Recovery Code) في مكان آمن. المرحلة السادسة — ابدأ اللعب: • حمّل اللعبة من مكتبة ستيم وابدأ اللعب. • اربط حساب EA الخاص بك عند أول تشغيل إن أردت (بشرط ألا يكون مربوطاً بحساب ستيم آخر).  نصيحة: بعد نقل الإيميل، يمكنك أيضاً تغيير كلمة مرور إيميل Outlook من إعداداته ليصبح ملكك بالكامل، أو الاستغناء عنه.  بهذا يصبح الحساب ملكك بالكامل: إيميلك، كلمة مرورك، وحمايتك. شروط الحساب الصيني (مهم جداً) • لا تدفع أو تشحن عن طريق ستيم نهائياً: لا تشحن محفظة ستيم ولا تشتري ألعاباً أو إضافات من متجر ستيم بأي وسيلة دفع (بطاقة بنكية سعودية، بطاقات هدايا ستيم، Apple Pay أو غيرها). الدفع عبر ستيم على ريجون صيني يعرّض الحساب للحظر ويُسقط الضمان. • الشحن يكون عن طريق EA فقط: أي شراء لنقاط FC Points أو إضافات اللعبة يتم من خلال حساب EA (تطبيق EA أو موقعه) المربوط بالحساب، وليس من ستيم. • لا تغيّر ريجون الحساب ولا تحاول تحويل عملته أو بلده. • لا تستخدم الحساب للتبادل (Trade) أو الشراء من السوق (Market)، فهو مخصص للعب فقط. • لا تربط حساب EA مربوطاً مسبقاً بحساب ستيم آخر، لأن الربط لا يمكن فكه بسهولة. • غيّر الإيميل وكلمة المرور وفعّل Steam Guard فور الاستلام، ولا تشارك بيانات الحساب مع أي شخص. الضمان والشروط • ضمان 4 أشهر على الحساب؛ في حال حدوث أي مشكلة من طرفنا نعوضك بحساب آخر، بشرط التزامك بشروط الحساب الصيني وطريقة التفعيل أعلاه. • يسقط الضمان في حال الدفع أو الشحن عبر ستيم، أو تغيير الريجون، أو مخالفة شروط وسياسات ستيم. • لا يوجد استرجاع للمبلغ بعد إتمام الشراء، إلا في حال وجود خلل فني في الحساب المسلّم.	https://oceangames.shop/ar/ea-sports-fc-27-steam-account/p111606232	https://cdn.jsdelivr.net/gh/TiTansStore/oceangames-assets@23b9803/products/fc27.png	https://cdn.salla.sa/onYqRY/0ea1a5b0-5d05-4027-b648-67c259e168b4-1000x1000-gVXTAOaUpN0vu7NuCGOGACl60vBb9jatO4BuM8Gg.png	in_stock	269.00 SAR	149.00 SAR	EA Sports	new	no	OG-FC27-STEAM	ألعاب أونلاين (PC)	SA:::0.00 SAR,AE:::0.00 SAR,KW:::0.00 SAR,OM:::0.00 SAR,JO:::0.00 SAR
1219350222	حساب ستيم Steam تركي - جاهز	حساب ستيم (Steam) تركي جاهز ومجهز بالكامل، خاص بك مع حق تغيير جميع بياناته، وتسليم فوري من اوشن قيمز. ملاحظة مهمة • شحن الحساب بالبطاقات الرقمية (Gift Cards) أو ببطاقة بنكية (فيزا) سعودية قد يعرّض الحساب للحظر. • المتجر غير مسؤول عن أي حظر ينتج عن سوء الاستخدام أو مخالفة شروط وسياسات ستيم. طريقة التسليم تسليم فوري وتلقائي — بعد الدفع مباشرة تظهر لك معلومات الحساب كاملة في صفحة الطلب وعلى إيميلك. المميزات • حساب ستيم تركي 100% ومجهز بالكامل. • الحساب خاص بك بالكامل، ويحق لك تغيير جميع بياناته. • إيميل الحساب مرفق مع كلمة مروره حتى تنقل ملكية الحساب لك بالكامل. ماذا تستلم؟ • اسم المستخدم وكلمة مرور حساب ستيم. • إيميل الحساب وكلمة مرور الإيميل. • رابط موقع تسجيل الدخول للإيميل: xomail.club المرحلة الأولى — الدخول للإيميل: • افتح موقع https://xomail.club/ من المتصفح. • سجّل الدخول بإيميل الحساب وكلمة مرور الإيميل المرفقة في طلبك. • اترك صفحة الإيميل مفتوحة، لأن ستيم سيرسل لها رموز التحقق في الخطوات التالية. المرحلة الثانية — الدخول لستيم: • افتح ستيم (البرنامج أو الموقع) وسجّل الدخول باسم المستخدم وكلمة المرور المرفقة. • إذا طلب ستيم رمز تحقق (Steam Guard Code)، ارجع لصفحة الإيميل وانسخ الرمز من الرسالة الواصلة. المرحلة الثالثة — تغيير الإيميل إلى إيميلك الشخصي: • من ستيم: اضغط على اسم الحساب أعلى اليمين ← «تفاصيل الحساب» (Account details). • اختر «تغيير عنوان البريد الإلكتروني» (Change email address). • سيرسل ستيم رمز تأكيد إلى الإيميل القديم — انسخه من موقع xomail.club وأدخله. • اكتب إيميلك الشخصي الجديد، ثم افتح إيميلك وأكّد الرمز الذي سيصلك من ستيم. المرحلة الرابعة — تغيير كلمة المرور: • من نفس صفحة «تفاصيل الحساب» اختر «تغيير كلمة المرور» (Change password). • أكّد الرمز الذي يصل إلى إيميلك الجديد، ثم ضع كلمة مرور قوية خاصة بك. المرحلة الخامسة — تفعيل الحماية (Steam Guard): • حمّل تطبيق Steam على جوالك وسجّل الدخول بالحساب. • من التطبيق: القائمة ← «Steam Guard» ← فعّل «المصادقة عبر التطبيق» (Mobile Authenticator). • احفظ رمز الاسترداد (Recovery Code) في مكان آمن.  بهذا يصبح الحساب ملكك بالكامل: إيميلك، كلمة مرورك، وحمايتك. الضمان والشروط • ضمان لمدة شهرين. • شرط أساسي للضمان: غيّر جميع معلومات الحساب (الإيميل وكلمة المرور) وفعّل التحقق بخطوتين (Steam Guard) فور استلام الحساب مباشرة. • لا يوجد استرجاع للمبلغ إذا كان الحساب سليماً وتم تسليمه بنجاح.	https://oceangames.shop/ar/steam-account-turkey/p1219350222	https://cdn.jsdelivr.net/gh/TiTansStore/oceangames-assets@23b9803/products/steam-tr.png	https://cdn.salla.sa/onYqRY/91f44142-5c4c-46d0-965a-94ffe83c602c-1000x1000-SAHwNnaUtU9v1Aa3TdG9S8scTmmGZiLJj2fffgtz.png	in_stock	9.99 SAR		Steam	new	no	OG-STEAM-TR	حسابات ستيم	SA:::0.00 SAR,AE:::0.00 SAR,KW:::0.00 SAR,OM:::0.00 SAR,JO:::0.00 SAR
1394434499	حساب ستيم Steam أوكراني - جاهز	حساب ستيم (Steam) أوكراني جاهز ومجهز بالكامل، خاص بك مع حق تغيير جميع بياناته، وتسليم فوري من اوشن قيمز. ملاحظة مهمة • شحن الحساب بالبطاقات الرقمية (Gift Cards) أو ببطاقة بنكية (فيزا) سعودية قد يعرّض الحساب للحظر. • المتجر غير مسؤول عن أي حظر ينتج عن سوء الاستخدام أو مخالفة شروط وسياسات ستيم. طريقة التسليم تسليم فوري وتلقائي — بعد الدفع مباشرة تظهر لك معلومات الحساب كاملة في صفحة الطلب وعلى إيميلك. المميزات • حساب ستيم أوكراني 100% ومجهز بالكامل. • الحساب خاص بك بالكامل، ويحق لك تغيير جميع بياناته. ماذا تستلم؟ • اسم المستخدم وكلمة مرور حساب ستيم. • إيميل الحساب وكلمة مرور الإيميل. • رابط موقع تسجيل الدخول للإيميل (مرفق مع طلبك). المرحلة الأولى — الدخول للإيميل: • افتح موقع الإيميل المرفق في طلبك من المتصفح. • سجّل الدخول بإيميل الحساب وكلمة مرور الإيميل المرفقة في طلبك. • اترك صفحة الإيميل مفتوحة، لأن ستيم سيرسل لها رموز التحقق في الخطوات التالية. المرحلة الثانية — الدخول لستيم: • افتح ستيم (البرنامج أو الموقع) وسجّل الدخول باسم المستخدم وكلمة المرور المرفقة. • إذا طلب ستيم رمز تحقق (Steam Guard Code)، ارجع لصفحة الإيميل وانسخ الرمز من الرسالة الواصلة. المرحلة الثالثة — تغيير الإيميل إلى إيميلك الشخصي: • من ستيم: اضغط على اسم الحساب أعلى اليمين ← «تفاصيل الحساب» (Account details). • اختر «تغيير عنوان البريد الإلكتروني» (Change email address). • سيرسل ستيم رمز تأكيد إلى الإيميل القديم — انسخه من موقع الإيميل المرفق في طلبك وأدخله. • اكتب إيميلك الشخصي الجديد، ثم افتح إيميلك وأكّد الرمز الذي سيصلك من ستيم. المرحلة الرابعة — تغيير كلمة المرور: • من نفس صفحة «تفاصيل الحساب» اختر «تغيير كلمة المرور» (Change password). • أكّد الرمز الذي يصل إلى إيميلك الجديد، ثم ضع كلمة مرور قوية خاصة بك. المرحلة الخامسة — تفعيل الحماية (Steam Guard): • حمّل تطبيق Steam على جوالك وسجّل الدخول بالحساب. • من التطبيق: القائمة ← «Steam Guard» ← فعّل «المصادقة عبر التطبيق» (Mobile Authenticator). • احفظ رمز الاسترداد (Recovery Code) في مكان آمن.  بهذا يصبح الحساب ملكك بالكامل: إيميلك، كلمة مرورك، وحمايتك. الضمان والشروط • ضمان لمدة شهرين. • شرط أساسي للضمان: غيّر جميع معلومات الحساب وفعّل التحقق بخطوتين (2FA) فور استلام الحساب مباشرة.	https://oceangames.shop/ar/steam-account-ukraine/p1394434499	https://cdn.jsdelivr.net/gh/TiTansStore/oceangames-assets@23b9803/products/steam-ua.png	https://cdn.salla.sa/onYqRY/fedf1b28-39e9-4fc5-9d67-3c5553a0f071-1000x1000-04ufI4REESTD5SKYCPZmxnicfkDRfVj5C0I6c8JA.png	in_stock	9.99 SAR		Steam	new	no	OG-STEAM-UA	حسابات ستيم	SA:::0.00 SAR,AE:::0.00 SAR,KW:::0.00 SAR,OM:::0.00 SAR,JO:::0.00 SAR
885894217	حساب فايف ام FiveM - جديد (روكستار)	حساب روكستار (Rockstar) جديد للعب فايف ام (FiveM) على الكمبيوتر، مع تسليم فوري من اوشن قيمز. ملاحظة مهمة • هذا الحساب لا يشمل اللعبة الأساسية (GTA V). يجب أن تكون اللعبة مثبتة لديك مسبقاً، إما بشراء مفتاح اللعبة أو تحميلها من حساب آخر. • الحساب محمي بالتحقق بخطوتين (2FA)، ومفتاح التحقق مرفق معك لتوليد رمز الدخول. طريقة التسليم تسليم فوري وتلقائي — بعد الدفع مباشرة تظهر لك بيانات الحساب كاملة في صفحة الطلب وعلى إيميلك. المميزات • الحساب على منصة روكستار (Rockstar). • يفك عنك أي باند سابق من السيرفرات (باستثناء باند الحماية وباند فايف ام العام). • تقدر تغيّر إيميل الحساب وكلمة المرور من موقع روكستار مباشرة وينتقل لك بالكامل. • متوفر لدينا أداة لفصل حساب الإكسبوكس فوراً. ماذا تستلم؟ • إيميل الحساب (اسم الدخول في روكستار) وكلمة المرور. • مفتاح التحقق بخطوتين (2FA Key) لتوليد رمز الدخول عبر موقع 2fa.zone. المرحلة الأولى — توليد رمز التحقق: • افتح موقع https://2fa.zone/. • الصق مفتاح التحقق (2FA Key) المرفق في طلبك في الخانة، وسيظهر لك رمز مكوّن من 6 أرقام يتجدد كل 30 ثانية. • اترك الصفحة مفتوحة، ستحتاج الرمز في كل عملية تسجيل دخول. المرحلة الثانية — الدخول لحساب روكستار: • افتح موقع Rockstar Social Club واضغط تسجيل الدخول. • أدخل الإيميل وكلمة المرور المرفقة. • عندما يطلب رمز التحقق، انسخ الرمز الحالي من 2fa.zone وأدخله. المرحلة الثالثة — تغيير الإيميل إلى إيميلك الشخصي: • من صفحة الحساب اختر «الإعدادات» (Settings) ← «البريد الإلكتروني» (Email). • اكتب إيميلك الشخصي الجديد وأكّده من رسالة التفعيل التي تصلك من روكستار. • ما تحتاج كلمة مرور الإيميل القديم — التغيير يتم من موقع روكستار مباشرة. المرحلة الرابعة — تغيير كلمة المرور: • من نفس صفحة الإعدادات اختر «كلمة المرور» (Password). • أدخل كلمة المرور الحالية ثم كلمة مرور قوية خاصة بك. المرحلة الخامسة — نقل التحقق بخطوتين لجهازك: • من الإعدادات ← «الأمان» (Security) ← «التحقق بخطوتين» (Two-Step Verification). • عطّل التحقق الحالي (باستخدام رمز من 2fa.zone)، ثم فعّله من جديد بتطبيق المصادقة على جوالك (Google Authenticator أو Authy). • احفظ رموز الاسترداد (Backup Codes) في مكان آمن. المرحلة السادسة — الدخول لفايف ام: • تأكد أن GTA V مثبتة على جهازك. • افتح FiveM وسجّل الدخول بحساب روكستار الذي أصبح ملكك. • إذا طلب السيرفر ذلك، افصل حساباتك المرتبطة بفايف ام مثل (ديسكورد، CFX، ستيم، إكسبوكس).  بهذا يصبح الحساب ملكك بالكامل: إيميلك، كلمة مرورك، وتحققك بخطوتين على جهازك. الشروط • غيّر الإيميل وكلمة المرور وفعّل التحقق بخطوتين (2FA) على جهازك بعد مرور شهر من تاريخ دخولك للحساب. • لا يحق طلب استرجاع المبلغ إذا كان الحساب سليماً وتم تسليمه بنجاح.	https://oceangames.shop/ar/fivem-rockstar-account/p885894217	https://cdn.jsdelivr.net/gh/TiTansStore/oceangames-assets@23b9803/products/fivem.png	https://cdn.salla.sa/onYqRY/976cdc14-7043-4fc8-8ef3-b3f38f1f6fa0-1000x1000-wfFF5PYwnLEqfw5BZy4203UGuxYFsD1g8nSrOEdz.png	in_stock	9.99 SAR		Rockstar Games	new	no	OG-FIVEM-NEW	حسابات فايف ام	SA:::0.00 SAR,AE:::0.00 SAR,KW:::0.00 SAR,OM:::0.00 SAR,JO:::0.00 SAR
278228105	اشتراك ديسكورد نيترو Discord Nitro - 3 أشهر (للحسابات الجديدة)	اشتراك ديسكورد نيترو (Discord Nitro) كامل لمدة 3 أشهر (90 يوماً) عبر رابط عرض خاص بالحسابات المؤهلة، من اوشن قيمز. ملاحظة مهمة • هذا الكود مخصص فقط للحسابات التي مضى على إنشائها شهر واحد على الأقل، ولم يسبق لها الاشتراك في ديسكورد نيترو نهائياً. تأكد من أهلية حسابك قبل الشراء. • نحن نوفر كود (رابط) النيترو فقط، وعملية التفعيل تتم من قبلك. طريقة التسليم نتواصل معك ونسلمك الكود على واتساب +966 55 467 8058 أو إنستقرام @ocean.gamees (قد يتأخر التسليم قليلاً حسب وقت الطلب وحجم الضغط). المميزات • مفتاح رقمي لاشتراك نيترو تجريبي لمدة 3 أشهر (Global). • جودة صوت وفيديو محسّنة (HD) وسعة أكبر في السيرفرات. • صور رمزية متحركة (Animated Avatars) وتخصيص الملف الشخصي. • يتضمن تعزيزين مجانيين للسيرفر (2 Nitro Boosts). • مزايا حصرية لمشتركي نيترو. • حد أكبر لحجم الملفات المرفوعة. ماذا تستلم؟ • كود (رابط) عرض نيترو لمدة 3 أشهر. الضمان والشروط • يُستخدم هذا الكود فقط على الحسابات التي مضى على إنشائها شهر واحد على الأقل، ولم يسبق لها الاشتراك في ديسكورد نيترو. • يتطلب تفعيل الكود وجود وسيلة دفع فعّالة؛ يخصم ديسكورد مبلغاً بسيطاً مؤقتاً (1-2$) للتحقق منها ثم يُسترد تلقائياً. • يمكن تفعيل كل كود مرة واحدة فقط لكل عنوان IP أو وسيلة دفع. • يجب استخدام الكود خلال أسبوع واحد من تاريخ إصداره.	https://oceangames.shop/ar/discord-nitro-3-months-new-accounts/p278228105	https://cdn.jsdelivr.net/gh/TiTansStore/oceangames-assets@23b9803/products/nitro-3m.png	https://cdn.salla.sa/onYqRY/31bce2f8-b8c2-4809-b226-5609c3eab811-1000x1000-Hy8PO5jzYoMMgcHbaFxaVIJXkVcRZiDdOSpfNtTu.png	in_stock	112.62 SAR	9.99 SAR	Discord	new	no	OG-NITRO-3M	إشتراكات الدسكورد	SA:::0.00 SAR,AE:::0.00 SAR,KW:::0.00 SAR,OM:::0.00 SAR,JO:::0.00 SAR
